http://www.google.com/finance/company_news?q=TYO:9536&output=rss,reliableplant.com,200 OK,100
http://www.google.com/finance/company_news?q=TYO:5406&output=rss,reliableplant.com,200 OK,100
https://sites.google.com/site/westerndubuquebaseball/,reliableplant.com,200 OK,64
https://sites.google.com/a/refineryprocessengineers.com/refinery-process-engineers/productivity-tips/posts.xml,reliableplant.com,200 OK,64
http://feedproxy.google.com/~r/noria/reliableplant/tags/manufacturing/~3/dX1wQ1sDuHk/Kyocera-solar-module-produced,reliableplant.com,200 OK,56
http://feedproxy.google.com/~r/noria/reliableplant/tags/green_manufacturing/~3/VJKfK8bitv0/Whirlpool-green-rankings-list,reliableplant.com,200 OK,56
http://feedproxy.google.com/~r/noria/reliableplant/tags/energy_management/~3/MBOw9uRpyyI/Energy-projects-trash-power,reliableplant.com,200 OK,56
http://feedproxy.google.com/~r/noria/reliableplant/tags/business_management/~3/wm24onGkWCY/Coca-Cola-board-directors,reliableplant.com,200 OK,56
http://feedproxy.google.com/~r/noria/reliableplant/tags/business_management/~3/TU1CyvCMNr4/Product-recalls-brand-loyalty,reliableplant.com,200 OK,56
https://answers.yahoo.com/question/index?qid=20120325073107AAkiaS3,reliableplant.com,200 OK,49
https://answers.yahoo.com/question/index?qid=20110817140018AAqUnQ6,reliableplant.com,200 OK,49
https://www.sites.google.com/site/leanlearningportal/home,reliableplant.com,200 OK,20
http://www.directorycomputing.com/deming-human-error.php,reliableplant.com,200 OK,4
http://www.abc-directory.com/site/1049206,safetyonline.com,200 OK,20
http://www.onlinebizdirectory.com/legal/business_and_legal_reports.html,safetyonline.com,200 OK,15
http://us.lrd.yahoo.com/SIG=13svjqeer/**http://www.safetyonline.com/article.mvc/Alberta-Technology-Companies-Ensure-Lone-0001%3Fatc~c=771%2Bs=773%2Br=001%2Bl=a,safetyonline.com,200 OK,12
http://us.lrd.yahoo.com/_ylc=X3oDMTB0a3VhdjBoBF9TAzIxNTExMDUEZW1haWxJZAMxMjUyMDQzMjk0/SIG=13svjqeer/**http://www.safetyonline.com/article.mvc/Alberta-Technology-Companies-Ensure-Lone-0001%3Fatc~c=771%2Bs=773%2Br=001%2Bl=a,safetyonline.com,200 OK,12
http://web-designers-directory.org/business/detail/safety-online-5106.html,safetyonline.com,200 OK,12
http://my.hktdc.com/webdir/directory_detail.asp?catid=4&subcatid=165&list=S&type=10&cty=none,safetyonline.com,200 OK,8
http://www.bayareabx.com/print/6?googleb0t=true,safetyonline.com,200 OK,5
http://www.zerodirectory.com/index.php/Health/Occupational_Health_and_Safety/Consultants/?page=8,safetyonline.com,200 OK,3
